Pool name,Sequence
B1_XM_054904285.1_10_Dla0,GAGGAGGGCAGCAAACGGaaAAGAAACTTCCTGAAGACGTTGACA
B1_XM_054904285.1_10_Dla0,TCAAACAGCACCATTGACATAGCAAtaGAAGAGTCTTCCTTTACG
B1_XM_054904285.1_10_Dla0,GAGGAGGGCAGCAAACGGaaTCTCATTCCCTTCATCAACCCACAC
B1_XM_054904285.1_10_Dla0,AAACCACTGGATAATGATCAGAGTAtaGAAGAGTCTTCCTTTACG
B1_XM_054904285.1_10_Dla0,GAGGAGGGCAGCAAACGGaaGATGGGTTTCTCAAGGTCAATGGCA
B1_XM_054904285.1_10_Dla0,CCCTGTTGACACGATGCATTGGGTCtaGAAGAGTCTTCCTTTACG
B1_XM_054904285.1_10_Dla0,GAGGAGGGCAGCAAACGGaaCGACACCAGTTCCTAGCGTCATGTA
B1_XM_054904285.1_10_Dla0,TGAGCATTGAGATGGTCCATCTTGTtaGAAGAGTCTTCCTTTACG
B1_XM_054904285.1_10_Dla0,GAGGAGGGCAGCAAACGGaaCTCGGCTACCTCCTCTGGACTCGCT
B1_XM_054904285.1_10_Dla0,AAAGTCTGGTAGGGTGTGAGAGGCAtaGAAGAGTCTTCCTTTACG
B1_XM_054904285.1_10_Dla0,GAGGAGGGCAGCAAACGGaaCAGCTACATAACAACCATCTGTCTG
B1_XM_054904285.1_10_Dla0,TCTGCTCATTACCTCTATGCCAAGCtaGAAGAGTCTTCCTTTACG
B1_XM_054904285.1_10_Dla0,GAGGAGGGCAGCAAACGGaaTCAACAGGGATGAGTTTACTTTGCA
B1_XM_054904285.1_10_Dla0,TCCATGTTCTGTGTGTAACTAAATCtaGAAGAGTCTTCCTTTACG
B1_XM_054904285.1_10_Dla0,GAGGAGGGCAGCAAACGGaaAAGGCCTGCTTTATGCCCTCTTCAA
B1_XM_054904285.1_10_Dla0,CCCATGAGTTTGCTCTTGGTCAGCCtaGAAGAGTCTTCCTTTACG
B1_XM_054904285.1_10_Dla0,GAGGAGGGCAGCAAACGGaaACCTTCCTAGCGGTCGTCTTCCTGC
B1_XM_054904285.1_10_Dla0,GGGCTAGGTAGATCTAACATCTCGTtaGAAGAGTCTTCCTTTACG
B1_XM_054904285.1_10_Dla0,GAGGAGGGCAGCAAACGGaaGATGCCACTGCTAGACTTGAGCAAA
B1_XM_054904285.1_10_Dla0,GGGACCACTCAGGATTCTCTTGCAGtaGAAGAGTCTTCCTTTACG
